title,description,url,published_at,source,categories,sentiment,political_orientation
"As Zohran Mamdani’s Stature Grows, He Tries to Shed Some Past Stances","Zohran Mamdani, the Democratic nominee for mayor of New York City, once called for defunding the police and decriminalizing prostitution. He says he has changed.",https://www.nytimes.com/2025/09/03/nyregion/zohran-mamdani-policy-shifts.html,2025-09-03,The New York Times,Campaign,Neutral,left
Mamdani decries 'backroom deals' after reports of White House meddling in race,"New York City mayoral candidate Zohran Mamdani called reports that the White House is considering jobs for Eric Adams and Curtis Sliwa an ""affront to our democracy.""",https://abcnews.go.com/Politics/mamdani-calls-reports-white-house-meddling-nyc-mayors/story?id=125232546,2025-09-04,ABC News,Campaign,Neutral,left
Zohran Mamdani challenges President Trump to public debate: ‘Let’s cut out the middle man’,The dare came after ex-Gov. Andrew Cuomo called on the Queens socialist to debate him five times -- once in each borough -- during a press conference Thursday.,https://nypost.com/2025/09/04/us-news/zohran-mamdani-challenges-president-trump-to-public-debate/,2025-09-04,New York Post,Campaign,Neutral,right
Eric Adams vows to beat Mamdani amid rumors he’d drop out,Eric Adams calls opponents Zohran Mamdani and Andrew Cuomo &apos;spoiled brats&apos; while defending his mayoral reelection campaign at Friday press conference.,https://www.foxnews.com/politics/eric-adams-vows-beat-mamdani-amid-rumors-hed-drop-out,2025-09-05,Fox News,Campaign,Negative,right
"Adams defiantly insists he’s staying in NYC mayoral race while ripping Andrew Cuomo, Zohran Mamdani","“I’m running and I’m going to beat [Zohran] Mamdani,” Adams said outside Gracie Mansion.",https://nypost.com/2025/09/05/us-news/adams-defiantly-insists-hes-staying-in-nyc-mayoral-race-while-ripping-andrew-cuomo-zohran-mamdani/,2025-09-05,New York Post,Campaign,Negative,right
Donors Push Mamdani to Maximum Fund-Raising Cap in Mayor’s Race,"Zohran Mamdani’s campaign says it has hit the $8 million spending cap, a sign of the Democrat’s support especially among small-dollar donors in New York City.",https://www.nytimes.com/2025/09/05/nyregion/mamdani-donations-mayor-money.html,2025-09-05,The New York Times,Campaign,Positive,left
Bernie Sanders to Host Zohran Mamdani at Fighting Oligarchy Event in Brooklyn,Mr. Sanders will host the Democratic front-runner for mayor of New York City at a town hall in Brooklyn on Saturday night. The two marched in a Labor Day parade that morning in Manhattan.,https://www.nytimes.com/2025/09/06/nyregion/bernie-sanders-zohran-mamdani.html,2025-09-06,The New York Times,Campaign,Neutral,left
"Viral photo shows Bernie Sanders, AOC and Mamdani together in NYC ahead of 'Fighting Oligarchy' rally","A viral photo showed Bernie Sanders, AOC and Zohran Mamdani together in Astoria as Sanders backed Mamdani’s mayoral bid and online critics mocked the trio.",https://www.foxnews.com/politics/viral-photo-shows-bernie-sanders-aoc-mamdani-together-nyc-fighting-oligarchy-rally,2025-09-06,Fox News,Campaign,Neutral,right
Andrew Cuomo has breakfast meeting with Rev. Al Sharpton as he trails Mamdani in NYC mayoral race,"Andrew Cuomo and Al Sharpton held a breakfast meeting to discuss the NYC mayoral race, where Cuomo faces competition from Democratic front-runner Zohran Mamdani.",https://www.foxnews.com/politics/andrew-cuomo-has-breakfast-meeting-rev-al-sharpton-he-trails-mamdani-nyc-mayoral-race,2025-09-06,Fox News,Campaign,Neutral,right
Zohran Mamdani vows to enact leftist agenda even if 2/3’s of NYers vote against him,Socialist mayoral frontrunner Zohran Mamdani pledged to stick to his far-left agenda even if he wins the general election by a slim margin — a blow to business leaders who are hoping a tight race would soften his radical proposals.,https://nypost.com/2025/09/06/us-news/nyc-mayoral-candidate-zohran-mamdani-vows-to-enact-leftist-agenda-if-elected-during-cnn-interview/,2025-09-06,New York Post,Campaign,Negative,right
"Mamdani, Facing Mistrust Within the N.Y.P.D., Reaches Out to Officers","Zohran Mamdani, the Democratic nominee for mayor of New York City, has been speaking with officers to address concerns over his past criticism of the Police Department.",https://www.nytimes.com/2025/09/08/nyregion/mamdani-nypd.html,2025-09-08,The New York Times,Campaign,Neutral,left
Zohran Mamdani would repeat beatdown against Andrew Cuomo in unlikely scenario that field clears: polls,The sobering survey for the ex-governor has Mamdani beating Cuomo come November — 48 to 44 — if Mayor Eric Adams and GOP nominee Curtis Sliwa manage to get their names of the ballot.,https://nypost.com/2025/09/09/us-news/zohran-mamdani-would-repeat-beatdown-against-andrew-cuomo-in-unlikely-scenario-that-field-clears-polls/,2025-09-09,New York Post,Campaign,Positive,right
"Mamdani Holds Huge Lead in Mayor’s Race, Times/Siena Poll Finds","Zohran Mamdani, the Democratic nominee in the New York City mayoral race, is way ahead of his three rivals, but his lead would diminish considerably if the field shrank to a two-man race.",https://www.nytimes.com/2025/09/09/nyregion/mayor-poll-mamdani-cuomo.html,2025-09-09,The New York Times,Campaign,Positive,left
Democratic Voters Want their Leaders to Stop Running From Zohran Mamdani,"Zohran Mamdani hadn’t been Regina Weiss’ first choice for mayor of New York City. She’d ranked city comptroller Brad Lander number-one on her primary ballot in June, and told me she wished that the 33-year-old Democratic Socialist state assemblymember brought a bit more experience to the job. But Weiss, who volunteers with Indivisible, was happily [&#8230;]",https://www.motherjones.com/politics/2025/09/zohran-mamdani-new-york-city-mayor-bernie-sanders-fight-oligarchy/,2025-09-09,Mother Jones,Campaign,Neutral,left
Ex-NYC mayoral candidate sues to pull name from ballot amid push to stop Mamdani,Attorney-turned-mayoral hopeful Jim Walden dropped out of the race last week in an effort to consolidate support behind Zohran Mamdani’s strongest challenger.,https://www.courthousenews.com/ex-nyc-mayoral-candidate-sues-to-pull-name-from-ballot-amid-push-to-stop-mamdani/,2025-09-10,Courthouse News,Campaign,Negative,center
Zohran Mamdani with strong lead in NYC Mayoral race,"Surveys put the leftist candidate ahead of Cuomo, Sliwa and Adams.",https://mronline.org/2025/09/11/zohran-mamdani-with-strong-lead-in-nyc-mayoral-race/?utm_source=rss&utm_medium=rss&utm_campaign=zohran-mamdani-with-strong-lead-in-nyc-mayoral-race,2025-09-11,MRZine,Campaign,Neutral,left
Trump predicts ‘my little communist’ Zohran Mamdani will win NYC mayoral race,"Trump said that former Gov. Andrew Cuomo, a Democrat running as an independent, was strongest against Mamdani in the four-way race.",https://nypost.com/2025/09/12/us-news/trump-predicts-zohran-mamdani-will-win-nyc-mayoral-race/,2025-09-12,New York Post,Campaign,Neutral,right
"Hochul, Mamdani plagued by negative ratings from Nassau County voters as GOP taps into fear factor: poll","Gov. Kathy Hochul is nearly as unpopular as Zohran Mamdani in Nassau County, a Republican poll claims -- the key reason why local GOP candidates are using images of both in campaign ads and mailers.",https://nypost.com/2025/09/14/us-news/hochul-mamdani-get-negative-ratings-from-60-of-nassau-county-voters-as-gop-taps-into-fear-factor-poll/,2025-09-14,New York Post,Campaign,Negative,right
Dem Senator Essentially Calls Chuck Schumer ‘Spineless’ For Not Backing Socialist Mamdani,"Democratic Maryland Sen. Chris Van Hollen blasted his own party&#8217;s Congressional leadership Saturday for repeatedly dragging its feet on endorsing New York City Democratic mayoral nominee and avowed socialist Zohran Mamdani. Van Hollen, a vocal critic of President Donald Trump who has urged Democrats to fight harder, accused New York lawmakers who have not yet [&#8230;]",https://dailycaller.com/2025/09/14/chris-van-hollen-chuck-schumer-spineless-zohran-mamdani/,2025-09-14,The Daily Caller,Campaign,Neutral,right
MCCAUGHEY: Zohran Mamdani a red flag of what a brainwashed electorate will choose,"Get ready for more Zohran Mamdani-like candidates — avowed socialists — to soar to popularity across New York state and the rest of the U.S. We the public have ceded control of education to the far left. The result is a curriculum that never mentions the brutal consequences of socialist experiments in Eastern Europe, Latin [&#8230;]",https://torontosun.com/opinion/columnists/mccaughey-zohran-mamdani-a-red-flag-of-what-a-brainwashed-electorate-will-choose,2025-09-14,M,Campaign,Negative,center
Zohran Mamdani goes total word salad on plans to make amends for past anti-cop statements,"Pressure has been mounting for the mayoral frontrunner and Democratic nominee to extend an olive branch to the more than 33,000 rank-and-file cops",https://nypost.com/2025/09/15/us-news/zohran-mamdani-goes-total-word-salad-on-plans-to-make-amends-for-prior-anti-cop-statements/,2025-09-15,New York Post,Campaign,Neutral,right
Zohran Mamdani refuses to back Hochul for re-election after she endorsed him in NYC mayoral race: ‘[She] got played’,Potential Republican gubernatorial opponent Elise Stefanik mocked Kathy Hochul after lefty Democratic mayoral nominee Zohran Mamdani refused to reciprocate the governor's coveted endorsement of him.,https://nypost.com/2025/09/16/us-news/zohran-mamdani-refuses-to-back-kathy-hochul-for-re-election-after-she-endorsed-him-in-nyc-mayoral-race-she-got-played/,2025-09-16,New York Post,Campaign,Negative,right
"NY Gov. Hochul using Zohran Mamdani as shield from lefty Dems — by banking on his anti-Trump cred, insiders say","She&#8217;s chosen her fighter. Gov. Kathy Hochul is using socialist Zohran Mamdani as a shield to protect herself against a challenge from the left, capitalizing on his anti-President Trump defiance, political insiders said. The scuttlebutt comes as Hochul on Tuesday defended endorsing Mamdani by arguing he’ll &#8220;stand up&#8221; to Trump &#8212; marking a change of...",https://nypost.com/2025/09/17/us-news/ny-gov-hochul-using-zohran-mamdani-as-shield-from-lefty-dems-by-banking-on-his-anti-trump-cred-insiders-say/,2025-09-17,New York Post,Campaign,Negative,right
Reform vs. revolution: The Zohran Mamdani campaign,"Bernie Sanders and Zohran Mamdani, Sept. 6, 2025, in New York City New York City — New York State Assembly member Zohran Mamdani is presumed to secure the New York City mayoral seat this November as the Democratic Party&#8217;s lead nominee. But what will this mean for aspiring revolutionaries organizing . . .Continue reading Reform vs. revolution: The Zohran Mamdani campaign at Workers.org",https://www.workers.org/2025/09/87927/?utm_source=rss&utm_medium=rss&utm_campaign=reform-vs-revolution-the-zohran-mamdani-campaign,2025-09-17,Workers,Campaign,Neutral,left
"Reps. Lawler, Gottheimer rip Mamdani for scrapping Holocaust group’s antisemitism definition",A bipartisan duo in Congress representing both sides of the Hudson joined forces to slam Democratic mayoral front-runner Zohran Mamdani for wanting to scrap a Holocaust remembrance group’s definition of “antisemitism.”,https://nypost.com/2025/09/17/us-news/reps-lawler-gottheimer-rip-mamdani-for-scrapping-holocaust-groups-antisemitism-definition/,2025-09-18,New York Post,Campaign,Negative,right
"Woody Allen fawns over Andrew Cuomo, backs the ex-gov for NYC mayor over Zohran Mamdani","Controversial Hollywood director Woody Allen heaped praise on Andrew Cuomo in backing the ex-governor for New York City mayor — saying he'd do a ""much better job"" than his young socialist foe Zohran Mamdani.",https://nypost.com/2025/09/18/us-news/woody-allen-fawns-over-andrew-cuomo-backs-him-over-zohran-mamdani-for-nyc-mayor/,2025-09-18,New York Post,Campaign,Positive,right
Zohran Mamdani’s been called a communist who’ll defund the police. Here’s where he actually stands,President Donald Trump calls him a “communist.&#8221; His critics say he wants to defund the police. Zohran Mamdani insists he&#8217;s&#8230;,https://wtop.com/national/2025/09/zohran-mamdanis-been-called-a-communist-wholl-defund-the-police-heres-where-he-actually-stands/,2025-09-20,WTOP,Campaign,Negative,center
Zohran Mamdani gives Rudy Giuliani some credit when asked which NYC mayor he’d emulate,"Rudy! Rudy! In a surprise, democratic socialist mayoral front-runner Zohran Mamdani praised ex-Republican Mayor Rudy Giuliani for making Staten Island Ferry service free -- again.",https://nypost.com/2025/09/21/us-news/zohran-mamdani-gives-rudy-giuliani-some-credit-when-asked-which-nyc-mayor-hed-emulate/,2025-09-21,New York Post,Campaign,Neutral,right
Zohran Mamdani To Boycott Local ABC Town Hall Over Jimmy Kimmel,'moment of authoritarianism',https://dailycaller.com/2025/09/22/zohran-mamdani-boycott-town-hall-jimmy-kimmel/,2025-09-22,The Daily Caller,Campaign,Neutral,right
"Mamdani Pushed to Cut 1,300 Officers From a ‘Racist’ N.Y.P.D. in 2022","Zohran Mamdani has said that critical remarks he made in 2020 about the police do not reflect his views. But as a state assemblyman in 2022, he still held anti-police positions.",https://www.nytimes.com/2025/09/22/nyregion/mamdani-nypd-officers-police.html,2025-09-22,The New York Times,Campaign,Negative,left
Zohran Mamdani blames Jimmy Kimmel suspension for skipping out on ABC town hall,Democratic mayoral nominee Zohran Mamdani pulled out of an ABC Town Hall and blamed it on the network’s decision to suspend comedian Jimmy Kimmel from his late night talk show.,https://nypost.com/2025/09/22/us-news/zohran-mamdani-blames-jimmy-kimmel-suspension-for-skipping-out-on-abc-town-hall/,2025-09-22,New York Post,Campaign,Neutral,right
Zohran Mamdani slammed by high-profile NY rabbi over lack of ‘regret’ on anti-Israel and police views: ‘Failed miserably’,"It&#8217;s high time for atonement. Zohran Mamdani has &#8220;failed miserably&#8221; at showing real contrition as he changes his tune on his past hardline anti-police and anti-Israel rhetoric, a high-profile New York rabbinical leader wrote on the eve of the penitential Jewish High Holidays. Rabbi Marc Schneier, in a pointed op-ed in amNY on Monday, argued...",https://nypost.com/2025/09/22/us-news/zohran-mamdani-slammed-by-high-profile-ny-rabbi-over-lack-of-regret-on-anti-israel-and-police-views-failed-miserably/,2025-09-22,New York Post,Campaign,Negative,right
Mamdani Withdraws From WABC Town Hall to Protest Kimmel Suspension,"Zohran Mamdani, the front-runner in the New York City mayor’s race, said the suspension of Jimmy Kimmel’s talk show sent a chilling message about free speech.",https://www.nytimes.com/2025/09/22/nyregion/mamdani-cancel-abc-town-hall-kimmel.html,2025-09-22,The New York Times,Campaign,Neutral,left
Zohran Mamdani keeps plan to decriminalize prostitution vague — as critics blast NYC mayoral frontrunner’s mealy-mouthed streak,"Johns for Mam? Mayoral frontrunner Zohran Mamdani still hasn&#8217;t decided whether soliciting prostitutes should be decriminalized, his campaign revealed Tuesday &#8212; the latest wishy-washy stance from the Democratic socialist with just six weeks before November’s election. Mamdani defended his support of decriminalizing prostitution against attacks from his electoral rival Monday, contending he doesn&#8217;t want to...",https://nypost.com/2025/09/23/us-news/zohran-mamdani-keeps-plan-to-decriminalize-prostitution-vague-as-critics-blast-nyc-mayoral-frontrunners-mealy-mouthed-streak/,2025-09-23,New York Post,Campaign,Positive,right
"For Zohran Mamdani, Judaism’s Holiest Days Present a Test","Mr. Mamdani intends to appear at explicitly Jewish spaces during the High Holy Days, seeking to bridge a divide with some Jewish voters as he runs for mayor.",https://www.nytimes.com/2025/09/22/nyregion/mamdani-rosh-hashana-jewish-holidays.html,2025-09-23,The New York Times,Campaign,Neutral,left
10 (More) Questions With Zohran Mamdani,"Zohran Mamdani, the Democratic nominee for mayor of New York City, visited The New York Times for an interview.",https://www.nytimes.com/2025/09/24/nyregion/zohran-mamdani-10-questions.html,2025-09-24,The New York Times,Campaign,Neutral,left
Zohran Mamdani’s dominant lead in latest NYC mayoral poll shows even more bad news for rivals,"Zohran Mamdani's 20-point lead in the race for City Hall is bolstered by majority support from black, Latino and Asian voters, according to a new poll released Tuesday.",https://nypost.com/2025/09/24/us-news/zohran-mamdanis-dominant-lead-in-latest-nyc-mayoral-poll-shows-even-more-bad-news-for-rivals/,2025-09-24,New York Post,Campaign,Neutral,right
Anti-Mamdani PAC stock photo fail has pics of NYC ‘voters’ that aren’t fooling anyone,A prominent super PAC aimed at taking down mayoral frontrunner Zohran Mamdani tried to pass off stock photo models as everyday New Yorkers in a series of ads &#8212; but the images weren&#8217;t fooling anyone. New Yorkers for a Better Future&#8217;s photo fail targeted social media users with ads painting the Democratic nominee as nice...,https://nypost.com/2025/09/24/us-news/anti-mamdani-pac-stock-photo-fail-has-pics-of-nyc-voters-that-arent-fooling-anyone/,2025-09-24,New York Post,Campaign,Negative,right
"As Mamdani Rises, South Asians Emerge as a Political Force in New York",Zohran Mamdani’s upstart campaign for mayor of New York City is inspiring the growing South Asian community to be more active in politics.,https://www.nytimes.com/2025/09/25/nyregion/mamdani-south-asian-voters.html,2025-09-25,The New York Times,Campaign,Neutral,left
"Mamdani Foes, Struggling to Raise Money, Have Started Buying Attack Ads",Several super PACs that oppose Zohran Mamdani’s candidacy for mayor of New York City have banded together to coordinate attack ads.,https://www.nytimes.com/2025/09/26/nyregion/mamdani-opposition-attack-ads.html,2025-09-26,The New York Times,Campaign,Negative,left
NYC DSA touts ‘special sauce’ in Zohran Mamdani’s primary win as mayoral hopeful stays mum on group’s radical views,"Fired-up Democratic Socialists of America progressives are bragging about their &#8220;special sauce&#8221; propelling Zohran Mamdani to the cusp of becoming New York City&#8217;s next mayor &#8212; as the contender increasingly refuses to say whether he&#8217;ll push their radical agenda. The socialist group&#8217;s Big Apple chapter mobilized its already formidable field operations during the Democratic primary,...",https://nypost.com/2025/09/26/us-news/nyc-dsa-touts-special-sauce-in-zohran-mamdanis-primary-win-as-mayoral-hopeful-stays-mum-on-groups-radical-views/,2025-09-26,New York Post,Campaign,Positive,right
"Anti-Mamdani Super PAC targets co-op, condo residents to oppose ‘green’ candidate",An anti-Zohran Mamdani Super PAC launched a city-wide campaign to mobilize owners of co-ops and condos to vote against the lefty Democratic nominee and mayoral front-runner over his backing of green energy edicts.,https://nypost.com/2025/09/26/us-news/anti-mamdani-super-pac-targets-co-op-condo-residents-to-oppose-green-candidate/,2025-09-26,New York Post,Campaign,Negative,right
ICE agent who shoved immigrant in viral NYC federal court video ‘relieved of current duties’ — as Mamdani vows to fight Trump crackdown,"An ICE agent who violently shoved an immigrant to the floor of a Manhattan federal court has been disciplined, Trump administration officials said Friday &#8212; as mayoral frontrunner Zohran Mamdani vowed to fight such &#8220;horrors.&#8221; Shocking viral video showed a distraught Ecuadorian woman confront an ICE officer inside 26 Federal Plaza on Thursday after her...",https://nypost.com/2025/09/26/us-news/ice-agent-who-shoved-immigrant-in-viral-nyc-federal-court-video-relieved-of-current-duties-as-mamdani-vows-to-fight-trump-crackdown/,2025-09-26,New York Post,Campaign,Neutral,right
Mayor Eric Adams warmly embraces Netanyahu at UNGA — as Zohran Mamdani slams Israeli PM after calling for his arrest,"Adams, who made the late-night change to his schedule to attend the UN's morning session when Netanyahu was set to speak, met briefly with the Israeli leader following his defiant address that was boycotted by some.",https://nypost.com/2025/09/26/us-news/eric-adams-warmly-embraces-netanyahu-at-unga-as-zohran-mamdani-slams-israeli-pm/,2025-09-26,New York Post,Campaign,Negative,right
Mamdani refuses to disavow sick DSA tribute to cop-killer Assata Shakur,Democratic Socialists offered a tribute to cop-killer Assata Shakur after her death -- and Zohran Mamdani wouldn't condemn it.,https://nypost.com/2025/09/28/us-news/mamdani-wont-disavow-dsa-tribute-to-cop-killer-assata-shakur/,2025-09-28,New York Post,Campaign,Neutral,right
Eric Adams rips political ‘extremism’ as he drops out of NYC mayoral race — in clear dig at socialist Zohran Mamdani,Mayor Eric Adams issued a dire warning about the rise of political extremism as he dropped his re-election bid Sunday -- in a clear dig at front-runner socialist candidate Zohran Mamdani.,https://nypost.com/2025/09/28/us-news/eric-adams-rips-political-extremism-as-he-drops-out-of-nyc-mayoral-race/,2025-09-28,New York Post,Campaign,Neutral,right
"Eric Adams hailed for quitting mayoral race, pundits hope move is blow to lefty Zohran Mamdani",Pundits say mayor's decision to quit race could derail Zohran Mamdani -- but Mamdani defiantly claims it won't make a difference.,https://nypost.com/2025/09/28/us-news/eric-adams-hailed-for-quitting-mayoral-race-pundits-hope-move-is-blow-to-lefty-zohran-mamdani/,2025-09-28,New York Post,Campaign,Neutral,right
An NYPD officer’s death tested what Zohran Mamdani truly believes about the police,"By Edward-Isaac Dovere, CNN (CNN) &#8212; As Zohran Mamdani was asleep on another continent, his top campaign aides wrangled over how he should sound in his statement about an off-duty police officer who had just been shot and killed in Midtown Manhattan along with three other people. Drafts went back and forth as the newsThe post An NYPD officer’s death tested what Zohran Mamdani truly believes about the police appeared first on News Channel 3-12.",https://keyt.com/politics/cnn-us-politics/2025/09/28/an-nypd-officers-death-tested-what-zohran-mamdani-truly-believes-about-the-police/,2025-09-28,KEYT,Campaign,Neutral,center
Bombshell email shows top aide to AFT boss Randi Weingarten raising concerns about Mamdani’s lack of experience,"A top aide to powerful national teachers' union president Randi Weingarten claimed that Zohran Mamdani lacks the government experience to be New York City mayor and cited the unpopularity of another union-backed lefty politician -- Chicago Mayor Brandon Johnson -- as a cautionary tale, according to a bombshell email.",https://nypost.com/2025/09/28/us-news/email-shows-top-aide-to-aft-boss-randi-weingarten-raising-concerns-about-mamdanis-lack-of-experience/,2025-09-28,New York Post,Campaign,Neutral,right
Zohran Mamdani’s word-salad answer about why he still hasn’t delivered NYPD apology — as insiders say he’s reluctant to upset DSA backers,Mayoral frontrunner Zohran Mamdani spewed more word salad about why he still hasn&#8217;t offered his promised apology to the NYPD &#8212; with sources suggesting he doesn&#8217;t want to upset his Democratic Socialists of America comrades. The increasingly mealy-mouthed Mamdani claimed Monday &#8212; 18 days after he vowed to publicly make amends for cops NYPD &#8220;racist&#8221;...,https://nypost.com/2025/09/29/us-news/zohran-mamdani-still-hasnt-apologized-for-anti-cop-remarks-as-insiders-suggest-hes-reluctant-to-upset-dsa-backers/,2025-09-29,New York Post,Campaign,Negative,right
"New Yorkers ‘not safe’ with a Zohran Mamdani or Andrew Cuomo mayoralty, Curtis Sliwa says in new scathing ad","New Yorkers are ""not safe"" if Zohran Mamdani or Andrew Cuomo are elected mayor, Republican rival Curtis Sliwa claims in a scorching new TV ad.",https://nypost.com/2025/09/29/us-news/new-yorkers-not-safe-with-a-zohran-mamdani-or-andrew-cuomo-mayoralty-curtis-sliwa-says-in-new-ad/,2025-09-29,New York Post,Campaign,Neutral,right
Donald Trump Threatens To Withhold Funds From NYC If Zohran Mamdani Becomes Mayor,"Donald Trump is in his dictator bag right now. Dropping racist AI videos, giving the military permission to use ""full force"" against American citizens, and now extortion.",https://hiphopwired.com/2853947/donald-trump-withhold-nyc-funds-threat-zohran-mamdani-victory-details/,2025-09-30,Hip Hop Wired,Campaign,Negative,center
Eric Adams is so anti-Zohran Mamdani he’s warming to Andrew Cuomo — a mayoral candidate he once called a ‘snake and a liar’,"Better a “snake and a liar” than a socialist. Mayor Eric Adams is so set against Zohran Mamdani taking his job that he’s warming up to the idea of supporting his one-time bitter electoral rival Andrew Cuomo, sources told The Post. Adams, who dropped his likely doomed re-election bid Sunday, recently told his allies behind...",https://nypost.com/2025/09/30/us-news/eric-adams-is-so-anti-zohran-mamdani-hes-warming-to-cuomo-a-mayoral-candidate-he-once-called-a-snake-and-a-liar/,2025-09-30,New York Post,Campaign,Negative,right
Hunter College grad who tore down Hamas hostage posters in viral video worked for Zohran Mamdani’s office,"Frances Macalimbon Hamed, whose face was plastered in The Post back in 2023 when she and another activist were busted tearing down the hostage posters, was later employed as an intern in Mamdani's Queens legislative office.",https://nypost.com/2025/09/30/us-news/hunter-college-grad-who-tore-down-hamas-hostage-posters-in-viral-video-worked-for-zohran-mamdanis-office/,2025-09-30,New York Post,Campaign,Neutral,right
How Zohran Mamdani Built a Campaign Around Food,The front-runner for New York mayor is leveraging his lifelong love of eating to inform his policy plans and spread his message.,https://www.nytimes.com/2025/09/30/dining/zohran-mamdani-nyc-mayor-food.html,2025-09-30,The New York Times,Campaign,Neutral,left
Zohran Mamdani’s Wife: Meet the Love of His Life Rama Duwaji,"Before winning the Democratic primary election in the New York City mayoral race, Zohran married the love of his life. Learn all about Rama here.",https://hollywoodlife.com/feature/zohran-mamdani-wife-rama-duwaji-5424466/,2025-10-02,Hollywood Life,Campaign,Neutral,center
Zohran Mamdani’s Plan To Send Social Workers To Domestic Violence Calls Will Get People Killed,Domestic violence calls are ambushes waiting to happen,https://dailycaller.com/2025/10/02/zohran-mamdani-social-workers-defund-the-police-domestic-violence-deadly/,2025-10-02,The Daily Caller,Campaign,Neutral,right
Mamdani Earns Applause on ‘The View’ for Calling Gaza War a ‘Genocide’,"Andrew Lapin The audience of the popular daytime talk show “The View” applauded Zohran Mamdani after the New York City mayoral candidate said that he would “describe what is happening in Gaza as a genocide.” The Democratic candidate, appearing on the ABC show Wednesday, said his “belief in a universality in international law” led him to make [&#8230;]The post Mamdani Earns Applause on &#8216;The View&#8217; for Calling Gaza War a ‘Genocide’ appeared first on Philadelphia Jewish Exponent.",https://www.jewishexponent.com/mamdani-earns-applause-on-the-view-for-calling-gaza-war-a-genocide/,2025-10-03,Jewish Exponent,Campaign,Neutral,center
"Red alert: Mamdani expected to follow will of radical-left DSA if elected, group’s leaders boast at meeting attended by Post","Zohran Mamdani is expected to be a party apparatchik who will follow the radical agenda of the Democratic Socialists of America, power mad members of its NYC chapter declared at a meeting infiltrated by The Post this week.",https://nypost.com/2025/10/04/us-news/mamdani-expected-to-follow-will-of-nyc-dsa-membership-if-elected-groups-leaders-say/,2025-10-04,New York Post,Campaign,Negative,right
NYC councilwoman and Mamdani ally Alexa Aviles emerges as latest name in socialist millionaire’s club,"The proud DSA member, a key ally of Zohran Mamdani who’s routinely seen on the campaign trail for him, has $1.1-1.8 million in assets, her latest disclosure reveals.",https://nypost.com/2025/10/04/us-news/nyc-councilwoman-and-mamdani-ally-alexa-aviles-latest-revealed-in-socialist-millionaires-club/,2025-10-04,New York Post,Campaign,Neutral,right
Socialist Zohran Mamdani admits he might need plan B as it’s still unclear how he would fund $10B agenda,"Socialist mayoral frontrunner Zohran Mamdani admitted Monday he might need another plan to fund his $10 billion freebie-filled agenda if he can’t score tax hikes on the ultra-wealthy and corporations. Mamdani, during a campaign event on affordability in Queens, repeated that soaking the rich is the &#8220;most straightforward and productive way&#8221; to pay for free...",https://nypost.com/2025/10/06/us-news/socialist-zohran-mamdani-admits-he-might-need-plan-b-as-its-still-unclear-how-he-would-fund-10b-agenda/,2025-10-06,New York Post,Campaign,Neutral,right
Mamdani funnels big money to radical allies plotting control of city hall: 'Seize state power',"NYC socialist mayoral candidate Zohran Mamdani gave over $28,000 to the NY Democratic Socialists of America last month, a group that boasts about its influence on him.",https://www.foxnews.com/politics/mamdani-funnels-big-money-radical-allies-plotting-control-city-hall-seize-state-power,2025-10-07,Fox News,Campaign,Negative,right
Critics blast Zohran Mamdani for clinging to Ugandan dual citizenship despite harsh anti-gay policies,The Democratic Party nominee was pictured cozying up with Uganda's Deputy Prime Minister Rebecca Kadaga.,https://nypost.com/2025/10/07/us-news/critics-blast-zohran-mamdani-for-clinging-to-ugandan-dual-citizenship-despite-harsh-anti-gay-policies/,2025-10-07,New York Post,Campaign,Negative,right
"Mamdani PACs raked in cash from progressives, some with ties to radicals","Zohran Mamdani’s campaign has been receiving suspiciously timed donations from his media pals&nbsp;and contributions&nbsp;from progressives tied to communist China. With less than a month to go before the mayoral election, the Democratic Socialist candidate’s political action committees have raked in hundreds of thousands of dollars in donations. Among them is one from Katrina vanden Heuvel,...",https://nypost.com/2025/10/07/us-news/pacs-supporting-mamdani-raised-cash-from-lefty-establisment/,2025-10-07,New York Post,Campaign,Negative,right
Mayor Eric Adams looks to protect NYC’s Columbus statues after rival Zohran Mamdani’s tantrum over explorer,Mayor Eric Adams' administration is moving to protect two Christopher Columbus statues from the clutches of mayoral front-runner and Columbus basher Zohran Mamdani.,https://nypost.com/2025/10/07/us-news/eric-adams-moves-to-protect-columbus-statues-from-mamdani/,2025-10-07,New York Post,Campaign,Neutral,right
Mamdani’s Charm Offensive and Crash Course in How to Govern,Being mayor of New York City is one of the toughest jobs in politics. One glimpse of how Zohran Mamdani may seek to do it is whom he’s talking to.,https://www.nytimes.com/2025/10/07/opinion/zohran-mamdani-govern-mayor.html,2025-10-07,The New York Times,Campaign,Neutral,left
Zohran Mamdani Photographed with Anti-Gay Ugandan Politician,Zohran Mamdani Photographed with Anti-Gay Ugandan Politician,https://www.metroweekly.com/2025/10/zohran-mamdani-photo-anti-gay-ugandan-politician/,2025-10-08,Metro Weekly,Campaign,Negative,center
How Zohran Mamdani Came to Embrace the Palestinian Cause,"As Mr. Mamdani seeks to reassure New York City he is open to compromise, his views on Israel and Palestinians have been the biggest exception.",https://www.nytimes.com/2025/10/08/nyregion/zohran-mamdani-israel-palestine.html,2025-10-08,The New York Times,Campaign,Neutral,left
Zohran Mamdani dodges again on NYC ballot measures as some allies grow frustrated: ‘Honeymoon period is already over’,Democratic mayoral nominee Zohran Mamdani dodged and avoided taking a position on ballot measures — as some would-be City Council allies are getting frustrated with his word-salad explanations.,https://nypost.com/2025/10/08/us-news/zohran-mamdani-dodges-again-on-nyc-ballot-measures-as-some-allies-grow-frustrated-honeymoon-period-is-already-over/,2025-10-08,New York Post,Campaign,Neutral,right
Zohran Mamdani’s mayoral campaign pays $28K to local Democratic Socialists of America for ‘texting’,"Mayoral front-runner Zohran Mamdani’s campaign paid the local branch of the Democratic Socialists of America more than $28,000 – days after group leaders boasted about their influence over the candidate, records show. The purpose of the Sept. 15 payment to the New York City DSA was simply listed as &#8220;Texting&#8221; on newly revealed campaign finance...",https://nypost.com/2025/10/08/us-news/zohran-mamdanis-mayoral-campaign-pays-28k-to-local-democratic-socialists-of-america-for-texting/,2025-10-08,New York Post,Campaign,Neutral,right
Mamdani Rides Slow Bus to ‘Fast and Free’ Buses Event,"Zohran Mamdani, the leading candidate in the race to be New York City’s next mayor, held a campaign event on a bus that crawled across Midtown Manhattan to highlight a signature proposal.",https://www.nytimes.com/2025/10/08/nyregion/mamdani-bus-plan-nyc-mayor.html,2025-10-08,The New York Times,Campaign,Neutral,left
"Cuomo rips Mamdani's freebie 'fantasy,' says AOC proved socialism fails after killing NYC Amazon deal","Former Gov. Andrew Cuomo and Zohran Mamdani clashed over economic policies at a business forum, with Cuomo rejecting his opponent&apos;s approach to governing New York City.",https://www.foxnews.com/politics/cuomo-rips-mamdanis-freebie-fantasy-says-aoc-proved-socialism-fails-after-killing-nyc-amazon-deal,2025-10-08,Fox News,Campaign,Neutral,right
"Mamdani’s lead over Cuomo shrinks after Adams quits race, poll finds","Democratic nominee and mayoral front-runner Zohran Mamdani's lead over Andrew Cuomo in the race for City Hall has dramatically narrowed after incumbent Mayor Eric Adams exited the race, according to a new poll released Thursday.",https://nypost.com/2025/10/09/us-news/mamdanis-lead-over-cuomo-shrink-after-adams-exits-race-poll-finds/,2025-10-09,New York Post,Campaign,Neutral,right
Zohran Mamdani refuses to credit Trump over Gaza cease-fire deal as other NY Dems offer tepid kudos,"“Even a broken clock like Donald Trump can be right twice a day,"" one Democrat said.",https://nypost.com/2025/10/09/us-news/zohran-mamdani-refuses-to-credit-trump-over-gaza-cease-fire-deal-as-other-ny-dems-offer-tepid-kudos/,2025-10-09,New York Post,Campaign,Neutral,right
Lefty love fest as Zohran Mamdani joins NYC Dems in defending indicted AG Letitia James,"Mayoral front-runner Zohran Mamdani and his lefty comrades are standing by state Attorney General Letitia James amid her indictment woes. The Queens socialist fiercely defended James against the Trump administration during a love-filled news conference in Manhattan Friday, arguing the mortgage fraud case against her is politically motivated vengeance. &#8220;This is a blatant miscarriage of...",https://nypost.com/2025/10/10/us-news/zohran-mamdani-joins-nyc-dems-supporting-indicted-ag-letitia-james/,2025-10-10,New York Post,Campaign,Positive,right
"Rama Duwaji, Zohran Mamdani’s Wife, Could Become the New York’s First Lady Before Her 30th Birthday","Rama Duwaji moved to the city to pursue a career in art, met a guy named Zohran Mamdani online, married him, and now could become the city’s first lady before her 30th birthday.",https://www.nytimes.com/2025/10/12/style/rama-duwaji-zohran-mamdani-wife.html,2025-10-12,The New York Times,Campaign,Neutral,left
"Mamdani mayoral campaign took in $13,000 in illegal foreign donations, records show",Zohran Mamdani's mayoral campaign took in cash from nearly 200 foreign donors,https://nypost.com/2025/10/12/us-news/mamdanis-mayoral-campaign-took-in-13000-in-illegal-foreign-campaign-cash-records-show/,2025-10-12,New York Post,Campaign,Neutral,right
"When I Look at Zohran Mamdani, Here’s What I See","When I look at the mayor’s race in New York, here’s what I see.",https://www.nytimes.com/2025/10/13/opinion/zohran-mamdani-muslim-america-new-york.html,2025-10-13,The New York Times,Campaign,Neutral,left
SNL star who campaigned for Mamdani called out for mocking candidate's critics on show,&quot;SNL&apos;s&quot; Sarah Sherman portrayed a Long Island woman fearing NYC mayoral candidate Zohran Mamdani in a &quot;Weekend Update&quot; sketch after actively campaigning for him in real life.,https://www.foxnews.com/media/snl-star-who-campaigned-mamdani-called-out-mocking-candidates-critics-show,2025-10-13,Fox News,Campaign,Negative,right
"Eric Adams’ chilling warning on Zohran Mamdani, DSA as outgoing mayor rips into front-runner","Zohran Mamdani and his Democratic Socialist of America comrades will &#8220;take us backwards,&#8221; Mayor Eric Adams warned Tuesday as he ripped the front-runner candidate for City Hall. Adams, who is no longer running for re-election, claimed the Democratic mayoral nominee would lead the city astray, as he was asked during an unrelated news conference who...",https://nypost.com/2025/10/14/us-news/eric-adams-chilling-warning-on-zohran-mamdani-dsa-as-outgoing-mayor-rips-into-front-runner/,2025-10-14,New York Post,Campaign,Neutral,right
"Meet Zohran Mamdani, the Favorite to Lead New York City","Our reporters explore his skyrocket, his life and his appeal.",https://www.nytimes.com/2025/10/14/us/meet-zohran-mamdani-the-favorite-to-lead-new-york-city.html,2025-10-14,The New York Times,Campaign,Neutral,left
"Zohran Mamdani-linked Democratic Socialists of America denounces ‘conditional’ Israel-Gaza cease-fire deal, demands ‘Palestinian liberation’","The DSA declaration titled ""Until Palestinian Liberation"" came days after Israel and Hamas agreed to halt fighting and begin exchanging hostages.",https://nypost.com/2025/10/14/us-news/zohran-mamdani-linked-democratic-socialists-of-america-denounces-israel-gaza-cease-fire-deal-demands-palestinian-liberation/,2025-10-14,New York Post,Campaign,Neutral,right
Zohran Mamdani and ‘Trump-Proofing’ Our Cities,The New York City mayoral candidate has a plan for assuring that his city and others do ‘more than simply survive.’,https://progressive.org/magazine/zohran-mamdani-and-trump-proofing-our-cities-nichols-20251014/,2025-10-14,The Progressive,Campaign,Neutral,left
"Inside the Improbable, Audacious and (So Far) Unstoppable Rise of Zohran Mamdani",The story of the man most likely to be the next mayor of New York City — and the promise and peril his ascent poses for the Democratic Party.,https://www.nytimes.com/2025/10/14/magazine/zohran-mamdani-mayor-new-york.html,2025-10-14,The New York Times,Campaign,Neutral,left
Kathy Hochul defends Zohran Mamdani as ‘eminently reasonable’ when it comes to $10B in socialist freebies,"Hochul offered up the political lifeline to Zohran Mamdani on Tuesday at an event in Astoria, telling reporters that she would scrounge up funding somehow to help the Democratic nominee's top agenda items, such as universal childcare.",https://nypost.com/2025/10/14/us-news/kathy-hochul-defends-nycs-zohran-mamdani-as-eminently-reasonable/,2025-10-14,New York Post,Campaign,Positive,right
Zohran Mamdani swings by NYC’s Christopher Street piers in defiant new campaign ad,"Back in the 1970s, gay men and homeless LGBTQ+ people hung out at the piers.",https://www.queerty.com/zohran-mamdani-swings-by-nycs-christopher-street-piers-in-defiant-new-campaign-ad-20251013/,2025-10-14,Queerty,Campaign,Neutral,center
Five Takeaways From the Magazine’s Profile of Zohran Mamdani,How the Democratic nominee for mayor who has stunned the New York establishment is working to shore up support and sustain his momentum.,https://www.nytimes.com/2025/10/14/magazine/zohran-mamdani-mayor-race-takeaways.html,2025-10-14,The New York Times,Campaign,Neutral,left
"Mamdani uses Fox interview to apologize to NYPD, send direct message to Trump","By Anthony Izaguirre NEW YORK (AP) &#8212; New York City mayoral candidate Zohran Mamdani publicly apologized for his past criticisms of the New York Police Department in a Fox News interview Wednesday, saying that he is &#8220;looking to work with these officers&#8221; if he is elected. Mamdani, the Democratic nominee, also used the interview to [&#8230;]",https://winnipegsun.com/pmn/mamdani-uses-fox-interview-to-apologize-to-nypd-send-direct-message-to-trump,2025-10-15,Winnipeg Sun,Campaign,Negative,right
Zohran Mamdani says NYC should uphold ICC arrest warrant for Netanyahu if he visits city,NYC mayoral candidate Zohran Mamdani said he would arrest Israeli Prime Minister Benjamin Netanyahu under an ICC warrant if he were to visit the city.,https://www.foxnews.com/politics/zohran-mamdani-says-nyc-should-uphold-icc-arrest-warrant-netanyahu-he-visits-city,2025-10-15,Fox News,Campaign,Neutral,right
Democrats Hold Socialist Zohran Mamdani At Arms Length After He Declared Victory Over Party’s ‘Soul’,"Avowed socialist Zohran Mamdani says his mayoral campaign has put progressives in the driver’s seat of the Democratic Party — but establishment Democrats are not ready to take their hands off the wheel. Mamdani, 33, the party&#8217;s nominee in the New York City mayoral race, declared Monday that his proudly socialist campaign &#8220;won the battle [&#8230;]",https://dailycaller.com/2025/10/15/senate-democrats-zohran-mamdani-arms-length-socialist/,2025-10-15,The Daily Caller,Campaign,Positive,right
"Zohran Mamdani issues slippery, self-serving apology to NYPD after calling cops ‘racist’","The arguably half-hearted mea culpa came more than a month after Mamdani confessed he owed the city’s nearly 34,000 boys in blue an apology over his past comments.",https://nypost.com/2025/10/15/us-news/zohran-mamdani-issues-slippery-self-serving-apology-to-nypd-after-calling-cops-racist/,2025-10-15,New York Post,Campaign,Negative,right
Zohran Mamdani spews baffling new ‘apology’ for calling NYPD ‘racist’,"Mayoral front-runner Zohran Mamdani has clarified that his public apology for calling NYPD cops racists was more about the ""language"" he used at the time.",https://nypost.com/2025/10/16/us-news/zohran-mamdani-spews-baffling-new-apology-for-calling-nypd-racist/,2025-10-16,New York Post,Campaign,Negative,right
What to Watch as Zohran Mamdani and Andrew Cuomo Face Off in New York’s First Mayoral Debate,The debate will be an important opportunity for the three remaining candidates to win over undecided voters—and for Mamdani to defend his lead.,https://time.com/7326279/mamdani-cuomo-sliwa-debate-nyc-mayoral-race/,2025-10-16,Time,Campaign,Neutral,center
Mamdani Is Making Overtures to Jewish Leaders. Some Are Listening.,"Zohran Mamdani is stepping up his Jewish outreach, as he holds private meetings with rabbis and other leaders across New York City who oppose his stance on Israel.",https://www.nytimes.com/2025/10/16/nyregion/mandani-jews-israel-palestine.html,2025-10-16,The New York Times,Campaign,Neutral,left
Andrew Cuomo lays into Zohran Mamdani during NYC mayoral debate for calling NYPD ‘racist’,"Andrew Cuomo went in on Zohran Mamdani for his past comments, calling the department ""racist"" and a ""threat to public safety.""",https://nypost.com/2025/10/16/us-news/andrew-cuomo-lays-into-zohran-mamdani-during-nyc-mayoral-debate-for-calling-nypd-racist/,2025-10-16,New York Post,Campaign,Negative,right
Zohran Mamdani slammed over lack of experience during NYC mayoral debate: ‘He has literally never had a job’,Former New York Governor Andrew Cuomo was quick out of the gate to contrast Democratic Socialist mayoral candidate Zohran Mamdani’s lack of experience with his decades in politics.,https://nypost.com/2025/10/16/us-news/zohran-mamdani-slammed-over-lack-of-experience-during-nyc-mayoral-debate/,2025-10-16,New York Post,Campaign,Neutral,right
‘Nepo baby’ Zohran Mamdani wanted to appear ‘tough’ against Andrew Cuomo: body expert,"Democrat socialist and self-described ""nepo-baby"" Zohran Mamdani fronted the first general mayoral election debate desperately wanting voters ""to see him as tough,"" a body language expert told The Post.",https://nypost.com/2025/10/17/us-news/zohran-mamdani-wanted-to-appear-tough-against-a-bedraggled-andrew-cuomo-body-expert/,2025-10-17,New York Post,Campaign,Negative,right
Zohran Mamdani offers up word salad on how he will pay for $10B in socialist freebies without new taxes,"Zohran Mamdani had little to say when asked how he would cover the cost of his $10 billion in freebies for his socialist agenda, with Gov. Kathy Hochul saying she will not raise income tax.",https://nypost.com/2025/10/16/us-news/zohran-mamdani-offers-up-word-salad-on-how-he-will-pay-for-10b-in-socialist-freebies-without-new-taxes/,2025-10-17,New York Post,Campaign,Neutral,right
Zohran Mamdani’s top staffer caught saying ‘who gives a s–t’ what cops think of NYC mayoral front-runner: video,"Robert Akleh, a top campaign staffer for Zohran Mamdani, was apparently caught on hidden camera admitting “who gives a s--t” what police officers think of the Democratic mayoral nominee.",https://nypost.com/2025/10/17/us-news/zohran-mamdanis-top-campaign-staffer-caught-saying-who-gives-a-s-t-what-cops-think-of-nyc-mayoral-front-runner-video/,2025-10-17,New York Post,Campaign,Neutral,right
Andrew Cuomo’s public NYC mayoral campaign schedule leaves insiders baffled as he tries to catch up to Zohran Mamdani,"He&#8217;s Andrew Cuo-No-Show. Mayoral contender Andrew Cuomo has taken 10 days off publicly campaigning since Labor Day weekend, a Post analysis shows &#8212; as insiders express disbelief he isn&#8217;t pounding the pavement to catch up to Zohran Mamdani before November. The former governor&#8217;s apparent aloof persona contrasts wildly with his rivals Mamdani, the socialist Democratic...",https://nypost.com/2025/10/17/us-news/andrew-cuomos-public-nyc-mayoral-campaign-schedule-leaves-insiders-baffled-as-he-tries-to-catch-up-to-zohran-mamdani/,2025-10-17,New York Post,Campaign,Neutral,right
